<?xml version="1.0" encoding="UTF-8"?>
<templates id="template" xml:space="preserve">

    <t t-name="adevx_pos_z_report.ReportSalesSummary">
        <div class="pos-receipt">
            <div class="pos-receipt-contact">
                <h1>INFORME Z</h1>
            </div>
            <div class="receipt-line">
                <span>
                    Fecha de impresión
                </span>
                <span class="pos-receipt-right-align">
                    <t t-esc="data.current_date"/>
                </span>
            </div>
            <div class="receipt-line">
                <span>
                    Hora de impresión
                </span>
                <span class="pos-receipt-right-align">
                    <t t-esc="data.current_time"/>
                </span>
            </div>
            <div class="receipt-line">
                <span>
                    Tienda
                </span>
                <span class="pos-receipt-right-align">
                    <t t-esc="pos.config.name"/>
                </span>
            </div>
            <div class="receipt-line">
                <span>
                    Cajero/Vendedor
                </span>
                <span class="pos-receipt-right-align">
                    <t t-esc="data.seller"/>
                </span>
            </div>
            <div class="receipt-line">
                <span>
                    Estado
                </span>
                <span class="pos-receipt-right-align">
                    <t t-esc="data.state"/>
                </span>
            </div>
            <div class="receipt-line">
                <span>
                    Inicio a las
                </span>
                <span class="pos-receipt-right-align">
                    <t t-esc="data.start_at"/>
                </span>
            </div>
            <t t-if="data.stop_at">
                <div class="receipt-line">
                    <span>
                        Fin a las
                    </span>
                    <span class="pos-receipt-right-align">
                        <t t-esc="data.stop_at"/>
                    </span>
                </div>
            </t>
            <div class="receipt-line">
                <span>
                    Total de pedidos
                </span>
                <span class="pos-receipt-right-align">
                    <t t-esc="data.orders_count"/>
                </span>
            </div>
            <div class="receipt-line">
                <span>
                    Saldo inicial de caja
                </span>
                <span class="pos-receipt-right-align">
                    <t t-esc="data.cash_register_balance_start"/>
                </span>
            </div>
            <div class="receipt-line">
                <span>
                    Total de ventas
                </span>
                <span class="pos-receipt-right-align">
                    <t t-esc="data.sales_total"/>
                </span>
            </div>
            
            
            <!-- Sección de productos vendidos -->
            <t t-if="data.product_details &amp;&amp; data.product_details.length">
                <div class="pos-receipt-contact">
                    <h5>DETALLE DE PRODUCTOS VENDIDOS</h5>
                </div>
                
                <div class="product-details-header">
                    <span class="product-name">Producto</span>
                    <span class="product-quantity">Cantidad</span>
                    <span class="product-price">P. Unitario</span>
                    <span class="product-subtotal">Subtotal</span>
                </div>
                
                <div class='product-details'>
                    <t t-foreach="data.product_details" t-as="product" t-key="product_index">
                        <div class="product-line">
                            <span class="product-name">
                                <t t-esc="product.product_name"/>
                            </span>
                            <span class="product-quantity">
                                <t t-esc="product.quantity"/>
                            </span>
                            <span class="product-price">
                                <t t-esc="product.unit_price.toFixed(2)"/>
                            </span>
                            <span class="product-subtotal">
                                <t t-esc="product.subtotal.toFixed(2)"/>
                            </span>
                        </div>
                    </t>
                </div>
            </t>

            <!-- Sección de impuestos corregida -->
            <t t-if="data.taxes &amp;&amp; data.taxes.length">
                <div class="pos-receipt-contact">
                    <h5>DETALLE DE IMPUESTOS</h5>
                </div>
                <div class='orderlines'>
                    <div class="receipt-line header">
                        <span>Impuesto</span>
                        <span class="pos-receipt-center-align">Base</span>
                        <span class="pos-receipt-right-align">Monto</span>
                    </div>
                    
                    <t t-foreach="data.taxes" t-as="tax" t-key="tax_index">
                        <div class="receipt-line">
                            <span><t t-esc="tax.tax_name"/> (<t t-esc="tax.rate.toFixed(2)"/>%)</span>
                            <span class="pos-receipt-center-align">
                                <t t-esc="tax.net_total.toFixed(2)"/>
                            </span>
                            <span class="pos-receipt-right-align">
                                <t t-esc="tax.tax_total.toFixed(2)"/>
                            </span>
                        </div>
                    </t>
                    
                    <div class="receipt-line total">
                        <span>Total Impuestos</span>
                        <span class="pos-receipt-right-align">
                            <t t-esc="data.taxes.reduce((sum, tax) => sum + tax.tax_total, 0).toFixed(2)"/>
                        </span>
                    </div>
                </div>
            </t>
            
            
            <!-- Sección de devoluciones -->
            <t t-if="data.reversal_total &lt; 0">
                <div class="pos-receipt-contact">
                    <h5><div>Información de devoluciones</div></h5>
                </div>
                <div class="receipt-line">
                    <span class="amount_total">
                        Total devuelto
                    </span>
                    <span class="pos-receipt-right-align">
                        <t t-esc="data.reversal_total"/>
                    </span>
                </div>
                <div class='orderlines' t-if="data.reversal_orders_detail">
                    <t t-foreach='data.reversal_orders_detail' t-key='order_index' t-as='order'>
                        <t t-set="reversal_order_detail" t-value="data.reversal_orders_detail[order]"/>
                        <div class="receipt-line">
                            Ref. pedido
                            <span class="pos-receipt-right-align">
                                <t t-esc="order"/>
                            </span>
                        </div>
                        <t t-foreach='reversal_order_detail' t-key='line_index' t-as='line'>
                            <div class="receipt-line">
                                <t t-esc='line.qty' /> <t t-esc='line.product_id' />
                                <span class="pos-receipt-right-align">
                                    <t t-esc="line.price_subtotal_incl"/>
                                </span>
                            </div>
                        </t>
                    </t>
                </div>
            </t>
            
            <!-- Sección de métodos de pago -->          
            <t t-if="data.payments &amp;&amp; data.payments.length">
                <div class="pos-receipt-contact">
                    <h5>MÉTODOS DE PAGO</h5>
                </div>
                <div class="payment-details">
                    <div class="payment-header">
                        <span>Método</span>
                        <span class="payment-count">Transacciones</span>
                        <span class="payment-amount">Monto</span>
                    </div>
                    
                    <t t-foreach="data.payments" t-as="payment" t-key="payment_index">
                        <div class="payment-line">
                            <span><t t-esc="payment.name"/></span>
                            <span class="payment-count">
                                <t t-esc="payment.count"/>
                            </span>
                            <span class="payment-amount">
                                <t t-esc="payment.amount.toFixed(2)"/> <t t-esc="payment.currency"/>
                            </span>
                        </div>
                    </t>
                    
                    <div class="payment-total">
                        <span>Total Pagos</span>
                        <span class="payment-amount">
                            <t t-esc="data.payments.reduce((sum, p) => sum + p.amount, 0).toFixed(2)"/> 
                            <t t-esc="data.payments[0].currency"/>
                        </span>
                    </div>
                </div>
            </t>
            
            <!-- Sección de entradas/salidas de efectivo -->
            <t t-if="data.cash_in">
                <div class="pos-receipt-contact">
                    <h5>ENTRADAS DE EFECTIVO</h5>
                </div>
                <div class='orderlines'>
                    <t t-foreach="data.cash_in" t-as="cash" t-key="cash_index">
                        <div class="receipt-line">
                            <t t-esc="cash.date"/>
                            <span class="pos-receipt-right-align">
                                <t t-esc="cash.amount"/>
                            </span>
                        </div>
                    </t>
                </div>
            </t>
            
            <t t-if="data.cash_out">
                <div class="pos-receipt-contact">
                    <h5>SALIDAS DE EFECTIVO</h5>
                </div>
                <div class='orderlines'>
                    <t t-foreach="data.cash_out" t-as="cash" t-key="cash_index">
                        <div class="receipt-line">
                            <t t-esc="cash.date"/>
                            <span class="pos-receipt-right-align">
                                <t t-esc="cash.amount"/>
                            </span>
                        </div>
                    </t>
                </div>
            </t>
            
            <!-- Resumen final -->
            <!-- Actualiza la sección de resumen con esto: -->
            <div class="pos-receipt-contact">
                <h5>RESUMEN</h5>
            </div>
            <div class="receipt-line">
                <span class="amount_total">
                    Reembolsos
                </span>
                <span class="pos-receipt-right-align">
                    <t t-esc="data.refund_total"/>
                </span>
            </div>
            <div class="receipt-line">
                <span class="amount_total">
                    Descuentos
                </span>
                <span class="pos-receipt-right-align">
                    <t t-esc="data.discounts_total"/>
                </span>
            </div>
            <div class="receipt-line">
                <span class="amount_total">
                    Ventas Brutas
                </span>
                <span class="pos-receipt-right-align">
                    <t t-esc="data.sales_total.toFixed(2)"/>
                </span>
            </div>
            <div class="receipt-line">
                <span class="amount_total">
                    Costo de Ventas
                </span>
                <span class="pos-receipt-right-align">
                    <t t-esc="data.product_costs.toFixed(2)"/>
                </span>
            </div>
            <div class="receipt-line">
                <span class="amount_total">
                    Beneficio Bruto
                </span>
                <span class="pos-receipt-right-align">
                    <t t-esc="data.gross_profit.toFixed(2)"/>
                </span>
            </div>
            <div class="receipt-line">
                <span class="amount_total">
                    Total Impuestos
                </span>
                <span class="pos-receipt-right-align">
                    <t t-esc="data.taxes.reduce((sum, tax) => sum + tax.tax_total, 0).toFixed(2)"/>
                </span>
            </div>
            <div class="receipt-line">
                <span class="amount_total">
                    Beneficio Neto
                </span>
                <span class="pos-receipt-right-align">
                    <t t-esc="data.net_profit.toFixed(2)"/>
                </span>
            </div>
            <!--<div class="receipt-line">
                <span class="amount_total">
                    Total de cierre
                </span>
                <span class="pos-receipt-right-align">
                    <t t-esc="data.closing_total"/>
                </span>
            </div>-->
        </div>
    </t>

</templates>