<?xml version="1.0" encoding="UTF-8"?>
<templates id="template" xml:space="preserve">
  <t t-name="point_of_sale.ProductsWidget" t-inherit="point_of_sale.ProductsWidget" t-inherit-mode="extension" owl="1">
    
    <!-- Quitar la barra de categorías superior - solo buscador -->
    <xpath expr="//div[contains(@class, 'products-widget-control')]" position="replace">
      <div class="product-search-container p-2 bg-light border-bottom">
        <Input
          tModel="[pos, 'searchProductWord']"
          placeholder="'Buscar productos...'"
          debounceMillis="300"
          icon="{ type: 'fa', value: 'fa-search' }"
          isSmall="ui.isSmall"
          class="'w-100'"
        />
      </div>
    </xpath>

    <!-- Vista condicional: Categorías o Productos -->
    <xpath expr="//div[contains(@class, 'product-list-container')]" position="replace">
      <div class="product-list-container flex-grow-1 overflow-y-auto">
        <!-- Mostrar categorías cuando no hay búsqueda ni categoría seleccionada -->
        <t t-if="!pos.searchProductWord &amp;&amp; !pos.selectedCategoryId">
          <div class="d-flex flex-wrap justify-content-center gap-4 p-4">
            <t t-set="categories" t-value="typeof getCategories === 'function' ? getCategories() : []"/>
            <t t-foreach="categories" t-as="cat" t-key="cat.id">
              <div
                class="d-flex flex-column align-items-center justify-content-center shadow rounded bg-white text-dark p-3"
                style="width: 200px; height: 200px; cursor: pointer;"
                t-on-click="() => pos.setSelectedCategoryId(cat.id)">
                <img t-att-src="'/web/image?model=pos.category&amp;id=' + cat.id + '&amp;field=image_128'"
                     alt="Categoría"
                     style="width: 120px; height: 120px; object-fit: contain;"
                     class="mb-2"/>
                <div class="fw-bold text-center text-truncate" style="max-width: 180px; font-size: 18px;">
                  <t t-esc="cat.name"/>
                </div>
              </div>
            </t>
          </div>
        </t>
        
        <!-- Mostrar productos cuando hay búsqueda o categoría seleccionada -->
        <t t-else="">
          <!-- Botón grande de regreso sobre los productos -->
          <div t-if="pos.selectedCategoryId" class="d-flex justify-content-center py-3 bg-white shadow-sm sticky-top">
            <button class="btn btn-primary btn-xl py-3 px-5" t-on-click="() => pos.setSelectedCategoryId(0)">
              <i class="fa fa-arrow-left me-3" style="font-size: 24px;" /> 
              <span style="font-size: 24px;">VOLVER A CATEGORÍAS</span>
            </button>
          </div>
          
          <div t-if="productsToDisplay.length != 0 and pos.posHasValidProduct()" t-attf-class="product-list {{this.pos.productListViewMode}} p-1">
            <!-- Aumentar tamaño de tarjetas para pantalla táctil -->
            <t t-foreach="productsToDisplay" t-as="product" t-key="product.id">
              <ProductCard
                class="'pos-touch-product'"
                name="product.display_name"
                productId="product.id"
                price="product.getFormattedUnitPrice()"
                imageUrl="pos.show_product_images and product.getImageUrl()"
                onClick="() =>this.pos.addProductToCurrentOrder(product)"
                productInfo="true"
                onProductInfoClick="() => this.onProductInfoClick(product)"
              />
            </t>
          </div>
          <div t-else="" class="product-list-empty no-results-message text-center mt-5">
            <t t-if="searchWord">
              <p style="font-size: 24px;">No se encontraron productos para <b>"<t t-esc="searchWord"/>"</b>.</p>
            </t>
            <t t-else="">
              <t t-if="pos.posHasValidProduct()">
                <p style="font-size: 24px;">No hay productos en esta categoría.</p>
              </t>
              <t t-else="">
                <div t-if="!state.loadingDemo">
                  <p class="text-large" style="font-size: 24px;">No hay productos disponibles.</p>
                </div>
                <div t-else="" class="block-top-header position-absolute top-0 start-0 bg-black opacity-50 w-100 h-100 z-1000">
                  <div class="d-flex h-100 w-100 text-white flex-row align-items-center justify-content-center">
                    <div class="o_spinner d-flex flex-column mb-4" style="font-size: 24px;">
                      <img src="/web/static/img/spin.svg" alt="Cargando..." style="width: 50px; height: 50px;"/>
                      Cargando...
                    </div>
                  </div>
                </div>
              </t>
            </t>
          </div>
          <div t-if="searchWord" class="search-more-button d-flex justify-content-center py-3">
            <button class="btn btn-primary btn-xl py-3 px-5" t-on-click="onPressEnterKey" style="font-size: 24px;">
              BUSCAR MÁS
            </button>
          </div>
          <div class="portal search-database-button no-results-message" t-att-class="{ 'd-none':  !shouldShowButton }"></div>
        </t>
      </div>
    </xpath>

  </t>
  
  <!-- Estilos adicionales para modo táctil -->
  <t t-name="ProductCard" owl="1">
    <div t-att-class="props.class + ' product-card'">
      <div class="product-card-content">
        <!-- Aumentar tamaño para pantalla táctil -->
        <div class="product-image-container" style="height: 160px;">
          <img t-if="props.imageUrl" t-att-src="props.imageUrl" class="product-image" alt="Product" style="max-height: 140px;"/>
        </div>
        <div class="product-info">
          <div class="product-name" style="font-size: 20px; min-height: 60px;"><t t-esc="props.name"/></div>
          <div class="product-price" style="font-size: 24px; font-weight: bold;"><t t-esc="props.price"/></div>
        </div>
      </div>
    </div>
  </t>
</templates>